<metadata xml:lang="en"><Esri><CreaDate>20240711</CreaDate><CreaTime>09554800</CreaTime><ArcGISFormat>1.0</ArcGISFormat><SyncOnce>FALSE</SyncOnce><DataProperties><itemProps><itemName Sync="TRUE">SchoolPoints_APS_2024_08_28</itemName><imsContentType Sync="TRUE">002</imsContentType><itemLocation><linkage Sync="TRUE">file://\\DESKTOP-3C6KGEA\D\GIS\Editing\SchoolPoints\SchoolPoints_APS_2024_08_28.shp</linkage><protocol Sync="TRUE">Local Area Network</protocol></itemLocation><itemSize Sync="TRUE">0.000</itemSize></itemProps><coordRef><type Sync="TRUE">Projected</type><geogcsn Sync="TRUE">GCS_WGS_1984</geogcsn><csUnits Sync="TRUE">Linear Unit: Meter (1.000000)</csUnits><projcsn Sync="TRUE">WGS_1984_Web_Mercator_Auxiliary_Sphere</projcsn><peXml Sync="TRUE">&lt;ProjectedCoordinateSystem xsi:type='typens:ProjectedCoordinateSystem' xmlns:xsi='http://www.w3.org/2001/XMLSchema-instance' xmlns:xs='http://www.w3.org/2001/XMLSchema' xmlns:typens='http://www.esri.com/schemas/ArcGIS/10.7'&gt;&lt;WKT&gt;PROJCS[&amp;quot;WGS_1984_Web_Mercator_Auxiliary_Sphere&amp;quot;,GEOGCS[&amp;quot;GCS_WGS_1984&amp;quot;,DATUM[&amp;quot;D_WGS_1984&amp;quot;,SPHEROID[&amp;quot;WGS_1984&amp;quot;,6378137.0,298.257223563]],PRIMEM[&amp;quot;Greenwich&amp;quot;,0.0],UNIT[&amp;quot;Degree&amp;quot;,0.0174532925199433]],PROJECTION[&amp;quot;Mercator_Auxiliary_Sphere&amp;quot;],PARAMETER[&amp;quot;False_Easting&amp;quot;,0.0],PARAMETER[&amp;quot;False_Northing&amp;quot;,0.0],PARAMETER[&amp;quot;Central_Meridian&amp;quot;,0.0],PARAMETER[&amp;quot;Standard_Parallel_1&amp;quot;,0.0],PARAMETER[&amp;quot;Auxiliary_Sphere_Type&amp;quot;,0.0],UNIT[&amp;quot;Meter&amp;quot;,1.0],AUTHORITY[&amp;quot;EPSG&amp;quot;,3857]]&lt;/WKT&gt;&lt;XOrigin&gt;-20037700&lt;/XOrigin&gt;&lt;YOrigin&gt;-30241100&lt;/YOrigin&gt;&lt;XYScale&gt;148923141.92838538&lt;/XYScale&gt;&lt;ZOrigin&gt;-100000&lt;/ZOrigin&gt;&lt;ZScale&gt;10000&lt;/ZScale&gt;&lt;MOrigin&gt;-100000&lt;/MOrigin&gt;&lt;MScale&gt;10000&lt;/MScale&gt;&lt;XYTolerance&gt;0.001&lt;/XYTolerance&gt;&lt;ZTolerance&gt;0.001&lt;/ZTolerance&gt;&lt;MTolerance&gt;0.001&lt;/MTolerance&gt;&lt;HighPrecision&gt;true&lt;/HighPrecision&gt;&lt;WKID&gt;102100&lt;/WKID&gt;&lt;LatestWKID&gt;3857&lt;/LatestWKID&gt;&lt;/ProjectedCoordinateSystem&gt;</peXml></coordRef><lineage><Process ToolSource="c:\program files (x86)\arcgis\desktop10.7\ArcToolbox\Toolboxes\Conversion Tools.tbx\FeatureClassToFeatureClass" Date="20240711" Time="095554">FeatureClassToFeatureClass D:\GIS\Editing\Schoolsearch_7_2024\DOE_Base.shp "Database Connections\SDE_Direct_LocalGIS.sde\ARC_SDE10.SDE.SchoolSearch_3857" APSBase # "ATS "ATS" true true false 254 Text 0 0 ,First,#,D:\GIS\Editing\Schoolsearch_7_2024\DOE_Base.shp,ATS,-1,-1;Building_C "Building_C" true true false 254 Text 0 0 ,First,#,D:\GIS\Editing\Schoolsearch_7_2024\DOE_Base.shp,Building_C,-1,-1;Location_C "Location_C" true true false 254 Text 0 0 ,First,#,D:\GIS\Editing\Schoolsearch_7_2024\DOE_Base.shp,Location_C,-1,-1;Name "Name" true true false 254 Text 0 0 ,First,#,D:\GIS\Editing\Schoolsearch_7_2024\DOE_Base.shp,Name,-1,-1;Geographic "Geographic" true true false 10 Long 0 10 ,First,#,D:\GIS\Editing\Schoolsearch_7_2024\DOE_Base.shp,Geographic,-1,-1;Latitude "Latitude" true true false 19 Double 0 0 ,First,#,D:\GIS\Editing\Schoolsearch_7_2024\DOE_Base.shp,Latitude,-1,-1;Longitude "Longitude" true true false 19 Double 0 0 ,First,#,D:\GIS\Editing\Schoolsearch_7_2024\DOE_Base.shp,Longitude,-1,-1" #</Process><Process ToolSource="c:\program files (x86)\arcgis\desktop10.7\ArcToolbox\Toolboxes\Conversion Tools.tbx\FeatureClassToFeatureClass" Date="20240828" Time="090059">FeatureClassToFeatureClass "Database Connections\SDE_Direct_LocalGIS.sde\ARC_SDE10.SDE.SchoolSearch_3857\ARC_SDE10.SDE.APSBase" D:\GIS\Editing\SchoolPoints SchoolPoints_APS_2024_08_28.shp # "ATS "ATS" true true false 254 Text 0 0 ,First,#,Database Connections\SDE_Direct_LocalGIS.sde\ARC_SDE10.SDE.SchoolSearch_3857\ARC_SDE10.SDE.APSBase,ATS,-1,-1;Building_C "Building_C" true true false 254 Text 0 0 ,First,#,Database Connections\SDE_Direct_LocalGIS.sde\ARC_SDE10.SDE.SchoolSearch_3857\ARC_SDE10.SDE.APSBase,Building_C,-1,-1;Location_C "Location_C" true true false 254 Text 0 0 ,First,#,Database Connections\SDE_Direct_LocalGIS.sde\ARC_SDE10.SDE.SchoolSearch_3857\ARC_SDE10.SDE.APSBase,Location_C,-1,-1;Name "Name" true true false 254 Text 0 0 ,First,#,Database Connections\SDE_Direct_LocalGIS.sde\ARC_SDE10.SDE.SchoolSearch_3857\ARC_SDE10.SDE.APSBase,Name,-1,-1;Geographic "Geographic" true true false 4 Long 0 10 ,First,#,Database Connections\SDE_Direct_LocalGIS.sde\ARC_SDE10.SDE.SchoolSearch_3857\ARC_SDE10.SDE.APSBase,Geographic,-1,-1;Latitude "Latitude" true true false 8 Double 8 38 ,First,#,Database Connections\SDE_Direct_LocalGIS.sde\ARC_SDE10.SDE.SchoolSearch_3857\ARC_SDE10.SDE.APSBase,Latitude,-1,-1;Longitude "Longitude" true true false 8 Double 8 38 ,First,#,Database Connections\SDE_Direct_LocalGIS.sde\ARC_SDE10.SDE.SchoolSearch_3857\ARC_SDE10.SDE.APSBase,Longitude,-1,-1" #</Process></lineage></DataProperties><SyncDate>20240828</SyncDate><SyncTime>09005400</SyncTime><ModDate>20240828</ModDate><ModTime>09005400</ModTime></Esri><dataIdInfo><envirDesc Sync="TRUE"> Version 6.2 (Build 9200) ; Esri ArcGIS 10.7.1.11595</envirDesc><dataLang><languageCode value="eng" Sync="TRUE"/><countryCode value="USA" Sync="TRUE"/></dataLang><idCitation><resTitle Sync="TRUE">SchoolPoints_APS_2024_08_28</resTitle><presForm><PresFormCd value="005" Sync="TRUE"/></presForm></idCitation><spatRpType><SpatRepTypCd value="001" Sync="TRUE"/></spatRpType></dataIdInfo><mdLang><languageCode value="eng" Sync="TRUE"/><countryCode value="USA" Sync="TRUE"/></mdLang><distInfo><distFormat><formatName Sync="TRUE">Shapefile</formatName></distFormat><distTranOps><transSize Sync="TRUE">0.000</transSize></distTranOps></distInfo><mdHrLv><ScopeCd value="005" Sync="TRUE"/></mdHrLv><mdHrLvName Sync="TRUE">dataset</mdHrLvName><refSysInfo><RefSystem><refSysID><identCode code="3857" Sync="TRUE"/><idCodeSpace Sync="TRUE">EPSG</idCodeSpace><idVersion Sync="TRUE">8.8(9.3.1.2)</idVersion></refSysID></RefSystem></refSysInfo><spatRepInfo><VectSpatRep><geometObjs Name="SchoolPoints_APS_2024_08_28"><geoObjTyp><GeoObjTypCd value="004" Sync="TRUE"></GeoObjTypCd></geoObjTyp><geoObjCnt Sync="TRUE">0</geoObjCnt></geometObjs><topLvl><TopoLevCd value="001" Sync="TRUE"></TopoLevCd></topLvl></VectSpatRep></spatRepInfo><spdoinfo><ptvctinf><esriterm Name="SchoolPoints_APS_2024_08_28"><efeatyp Sync="TRUE">Simple</efeatyp><efeageom code="1" Sync="TRUE"></efeageom><esritopo Sync="TRUE">FALSE</esritopo><efeacnt Sync="TRUE">0</efeacnt><spindex Sync="TRUE">FALSE</spindex><linrefer Sync="TRUE">FALSE</linrefer></esriterm></ptvctinf></spdoinfo><eainfo><detailed Name="SchoolPoints_APS_2024_08_28"><enttyp><enttypl Sync="TRUE">SchoolPoints_APS_2024_08_28</enttypl><enttypt Sync="TRUE">Feature Class</enttypt><enttypc Sync="TRUE">0</enttypc></enttyp><attr><attrlabl Sync="TRUE">FID</attrlabl><attalias Sync="TRUE">FID</attalias><attrtype Sync="TRUE">OID</attrtype><attwidth Sync="TRUE">4</attwidth><atprecis Sync="TRUE">0</atprecis><attscale Sync="TRUE">0</attscale><attrdef Sync="TRUE">Internal feature number.</attrdef><attrdefs Sync="TRUE">Esri</attrdefs><attrdomv><udom Sync="TRUE">Sequential unique whole numbers that are automatically generated.</udom></attrdomv></attr><attr><attrlabl Sync="TRUE">ATS</attrlabl><attalias Sync="TRUE">ATS</attalias><attrtype Sync="TRUE">String</attrtype><attwidth Sync="TRUE">254</attwidth><atprecis Sync="TRUE">0</atprecis><attscale Sync="TRUE">0</attscale></attr><attr><attrlabl Sync="TRUE">Building_C</attrlabl><attalias Sync="TRUE">Building_C</attalias><attrtype Sync="TRUE">String</attrtype><attwidth Sync="TRUE">254</attwidth><atprecis Sync="TRUE">0</atprecis><attscale Sync="TRUE">0</attscale></attr><attr><attrlabl Sync="TRUE">Location_C</attrlabl><attalias Sync="TRUE">Location_C</attalias><attrtype Sync="TRUE">String</attrtype><attwidth Sync="TRUE">254</attwidth><atprecis Sync="TRUE">0</atprecis><attscale Sync="TRUE">0</attscale></attr><attr><attrlabl Sync="TRUE">Name</attrlabl><attalias Sync="TRUE">Name</attalias><attrtype Sync="TRUE">String</attrtype><attwidth Sync="TRUE">254</attwidth><atprecis Sync="TRUE">0</atprecis><attscale Sync="TRUE">0</attscale></attr><attr><attrlabl Sync="TRUE">Geographic</attrlabl><attalias Sync="TRUE">Geographic</attalias><attrtype Sync="TRUE">Integer</attrtype><attwidth Sync="TRUE">10</attwidth><atprecis Sync="TRUE">10</atprecis><attscale Sync="TRUE">0</attscale></attr><attr><attrlabl Sync="TRUE">Latitude</attrlabl><attalias Sync="TRUE">Latitude</attalias><attrtype Sync="TRUE">Double</attrtype><attwidth Sync="TRUE">19</attwidth><atprecis Sync="TRUE">18</atprecis><attscale Sync="TRUE">8</attscale></attr><attr><attrlabl Sync="TRUE">Longitude</attrlabl><attalias Sync="TRUE">Longitude</attalias><attrtype Sync="TRUE">Double</attrtype><attwidth Sync="TRUE">19</attwidth><atprecis Sync="TRUE">18</atprecis><attscale Sync="TRUE">8</attscale></attr><attr><attrlabl Sync="TRUE">Shape</attrlabl><attalias Sync="TRUE">Shape</attalias><attrtype Sync="TRUE">Geometry</attrtype><attwidth Sync="TRUE">0</attwidth><atprecis Sync="TRUE">0</atprecis><attscale Sync="TRUE">0</attscale><attrdef Sync="TRUE">Feature geometry.</attrdef><attrdefs Sync="TRUE">Esri</attrdefs><attrdomv><udom Sync="TRUE">Coordinates defining the features.</udom></attrdomv></attr></detailed></eainfo><mdDateSt Sync="TRUE">20240828</mdDateSt></metadata>
